Name,Password
Claudia Abbott,ac0c58665d2fc03707ad6db949fa8228
Jonathon Byrd,6c5c2150e11c3e86e1e54844883edc3a
Bryan Ball,dd8ca43da02c7f57abf5bd359be52fc4
Dixie Underwood,befd78f847bf754e69eea644f1c71199
Jacquelyn Wagner,305d7e679f7ee16cc475c59c8a291c3e
Larry Schneider,52d95194a9f9f2d2a454e105461d58df
Leslie Fletcher,5403e9f263fe7a5bfccd41b162ee4473
Monica Stewart,d9e2494e49bb99a5554543ef481d6855
Jeremy Cole,552117f115662b8563674a43e7f0bf02
Kerry Chavez,272aef7dc0fd7343350afe681e5ef92f
