,Names,Teams,Password
0,Claudia Abbott,W10-2,ac0c58665d2fc03707ad6db949fa8228
1,Jonathon Byrd,W10-3,6c5c2150e11c3e86e1e54844883edc3a
2,Bryan Ball,W10-4,dd8ca43da02c7f57abf5bd359be52fc4
3,Dixie Underwood,W10-5,befd78f847bf754e69eea644f1c71199
4,Jacquelyn Wagner,W10-6,305d7e679f7ee16cc475c59c8a291c3e
5,Larry Schneider,W10-7,52d95194a9f9f2d2a454e105461d58df
6,Leslie Fletcher,W10-8,5403e9f263fe7a5bfccd41b162ee4473
7,Monica Stewart,W10-9,d9e2494e49bb99a5554543ef481d6855
8,Jeremy Cole,W10-10,552117f115662b8563674a43e7f0bf02
9,Kerry Chavez,W10-11,272aef7dc0fd7343350afe681e5ef92f
